Tanggal dan Waktu,Debit QC (m3/s),Debit telemetri mentah (m3/s)
2026-09-25 17:00:00,11.47,16.16
2026-09-25 18:00:00,11.23,15.89
2026-09-25 19:00:00,11.54,16.23
2026-09-25 20:00:00,11.3,15.97
2026-09-25 21:00:00,11.26,15.92
2026-09-25 22:00:00,11.42,16.1
2026-09-25 23:00:00,10.99,15.63
2026-09-26 00:00:00,10.87,15.5
2026-09-26 01:00:00,10.97,15.61
2026-09-26 02:00:00,11.26,15.92
2026-09-26 03:00:00,11.67,16.37
2026-09-26 04:00:00,,11.06
2026-09-26 05:00:00,,0.0
2026-09-26 06:00:00,,9.19
2026-09-26 07:00:00,,9.11
2026-09-26 08:00:00,,6.43
2026-09-26 09:00:00,,15.05
2026-09-26 10:00:00,,11.48
2026-09-26 11:00:00,12.13,16.87
2026-09-26 12:00:00,11.81,16.52
2026-09-26 13:00:00,12.01,16.73
2026-09-26 14:00:00,12.03,16.76
2026-09-26 15:00:00,,13.86
2026-09-26 16:00:00,,0.0
2026-09-26 17:00:00,,0.0
2026-09-26 18:00:00,,0.0
2026-09-26 19:00:00,,0.0
2026-09-26 20:00:00,,8.71
2026-09-26 21:00:00,,11.77
2026-09-26 22:00:00,,17.85
2026-09-26 23:00:00,,8.98
2026-09-27 00:00:00,,0.0
2026-09-27 01:00:00,,0.0
2026-09-27 02:00:00,,0.0
2026-09-27 03:00:00,,8.42
2026-09-27 04:00:00,,8.5
2026-09-27 05:00:00,,0.0
2026-09-27 06:00:00,,0.0
2026-09-27 07:00:00,,6.13
2026-09-27 08:00:00,,3.01
2026-09-27 09:00:00,,0.0
2026-09-27 10:00:00,,0.0
2026-09-27 11:00:00,12.6,17.55
2026-09-27 12:00:00,12.74,17.53
2026-09-27 13:00:00,12.87,17.66
2026-09-27 14:00:00,12.94,17.74
2026-09-27 15:00:00,12.5,17.24
2026-09-27 16:00:00,,5.91
2026-09-27 17:00:00,12.64,17.63
2026-09-27 18:00:00,22.69,28.09
2026-09-27 19:00:00,18.41,23.56
2026-09-27 20:00:00,15.67,20.66
2026-09-27 21:00:00,13.14,17.96
2026-09-27 22:00:00,12.1,16.84
2026-09-27 23:00:00,12.06,16.79
2026-09-28 00:00:00,12.13,16.87
2026-09-28 01:00:00,11.3,15.97
2026-09-28 02:00:00,12.04,16.76
2026-09-28 03:00:00,10.78,15.4
2026-09-28 04:00:00,10.56,15.17
2026-09-28 05:00:00,10.66,15.27
2026-09-28 06:00:00,10.9,15.53
2026-09-28 07:00:00,11.28,15.95
2026-09-28 08:00:00,11.42,16.1
2026-09-28 09:00:00,11.4,16.08
2026-09-28 10:00:00,11.45,16.13
2026-09-28 11:00:00,11.76,16.47
2026-09-28 12:00:00,,14.47
2026-09-28 13:00:00,12.42,17.08
2026-09-28 14:00:00,12.3,17.05
2026-09-28 15:00:00,11.21,15.87
2026-09-28 16:00:00,11.11,15.76
2026-09-28 17:00:00,11.06,15.71
2026-09-28 18:00:00,12.13,16.87
2026-09-28 19:00:00,12.6,17.37
2026-09-28 20:00:00,12.72,17.5
2026-09-28 21:00:00,11.98,16.71
2026-09-28 22:00:00,11.93,16.65
2026-09-28 23:00:00,12.6,17.37
2026-09-29 00:00:00,12.2,16.94
2026-09-29 01:00:00,11.64,16.34
2026-09-29 02:00:00,11.52,16.21
2026-09-29 03:00:00,11.4,16.08
2026-09-29 04:00:00,11.35,16.02
2026-09-29 05:00:00,11.45,16.13
2026-09-29 06:00:00,11.4,16.08
2026-09-29 07:00:00,11.45,16.13
2026-09-29 08:00:00,11.4,16.08
2026-09-29 09:00:00,11.28,15.95
2026-09-29 10:00:00,11.38,16.05
2026-09-29 11:00:00,11.59,16.29
2026-09-29 12:00:00,11.52,16.21
2026-09-29 13:00:00,11.67,16.36
2026-09-29 14:00:00,11.62,16.31
2026-09-29 15:00:00,11.69,16.39
2026-09-29 16:00:00,11.26,15.92
2026-09-29 17:00:00,11.62,16.31
2026-09-29 18:00:00,11.42,16.1
2026-09-29 19:00:00,11.23,15.89
2026-09-29 20:00:00,11.57,16.26
2026-09-29 21:00:00,11.69,16.39
2026-09-29 22:00:00,11.47,16.16
2026-09-29 23:00:00,11.26,15.92
2026-09-30 00:00:00,11.33,16.0
2026-09-30 01:00:00,10.73,15.35
2026-09-30 02:00:00,11.23,15.89
2026-09-30 03:00:00,11.64,16.34
2026-09-30 04:00:00,11.5,16.18
2026-09-30 05:00:00,10.94,15.58
2026-09-30 06:00:00,10.9,15.53
2026-09-30 07:00:00,10.78,15.4
2026-09-30 08:00:00,11.09,15.74
2026-09-30 09:00:00,11.5,16.18
2026-09-30 10:00:00,11.47,16.16
2026-09-30 11:00:00,11.98,16.71
2026-09-30 12:00:00,11.3,15.97
2026-09-30 13:00:00,11.47,16.16
2026-09-30 14:00:00,11.26,15.92
2026-09-30 15:00:00,12.98,17.77
2026-09-30 16:00:00,12.69,17.46
2026-09-30 17:00:00,11.94,16.66
2026-09-30 18:00:00,11.11,15.77
2026-09-30 19:00:00,11.06,15.71
2026-09-30 20:00:00,11.28,15.95
2026-09-30 21:00:00,11.16,15.82
2026-09-30 22:00:00,11.09,15.74
2026-09-30 23:00:00,11.06,15.71
2026-10-01 00:00:00,11.06,15.71
2026-10-01 01:00:00,11.11,15.76
2026-10-01 02:00:00,11.28,15.95
2026-10-01 03:00:00,10.99,15.63
2026-10-01 04:00:00,10.99,15.63
2026-10-01 05:00:00,10.85,15.48
2026-10-01 06:00:00,10.99,15.63
2026-10-01 07:00:00,11.02,15.66
2026-10-01 08:00:00,11.06,15.71
2026-10-01 09:00:00,11.06,15.71
2026-10-01 10:00:00,11.35,16.02
2026-10-01 11:00:00,11.33,16.0
2026-10-01 12:00:00,11.18,15.84
2026-10-01 13:00:00,11.33,16.0
2026-10-01 14:00:00,11.23,15.89
2026-10-01 15:00:00,11.18,15.84
2026-10-01 16:00:00,10.99,15.63
2026-10-01 17:00:00,10.94,15.58
2026-10-01 18:00:00,11.14,15.79
2026-10-01 19:00:00,11.38,16.05
2026-10-01 20:00:00,11.26,15.92
2026-10-01 21:00:00,11.94,16.66
2026-10-01 22:00:00,11.98,16.71
2026-10-01 23:00:00,10.63,15.25
2026-10-02 00:00:00,11.57,16.26
2026-10-02 01:00:00,12.72,17.5
2026-10-02 02:00:00,12.45,17.21
2026-10-02 03:00:00,11.67,16.36
2026-10-02 04:00:00,11.76,16.47
2026-10-02 05:00:00,11.3,15.97
2026-10-02 06:00:00,10.99,15.63
2026-10-02 07:00:00,11.4,16.08
2026-10-02 08:00:00,11.38,16.05
2026-10-02 09:00:00,11.62,16.32
2026-10-02 10:00:00,13.24,18.06
2026-10-02 11:00:00,12.4,17.16
2026-10-02 12:00:00,12.5,17.26
2026-10-02 13:00:00,13.54,18.39
2026-10-02 14:00:00,12.82,17.61
2026-10-02 15:00:00,12.47,17.24
2026-10-02 16:00:00,11.45,16.13
