Waktu Prediksi WIB,Prediksi Debit (m3/s),P10 (m3/s),P90 (m3/s),Sumber,Model
2026-09-30 11:00:00,11.38,11.1,11.55,observasi,ML1_Majalaya_v1
2026-09-30 12:00:00,11.38,10.81,11.63,observasi,ML1_Majalaya_v1
2026-09-30 13:00:00,11.46,10.51,11.73,observasi,ML1_Majalaya_v1
2026-09-30 14:00:00,11.57,10.22,11.85,observasi,ML1_Majalaya_v1
2026-09-30 15:00:00,11.67,9.97,12.0,observasi,ML1_Majalaya_v1
2026-09-30 16:00:00,11.75,9.78,12.18,observasi,ML1_Majalaya_v1
2026-09-30 17:00:00,11.81,9.66,12.36,observasi,ML1_Majalaya_v1
2026-09-30 18:00:00,11.85,9.59,12.6,observasi,ML1_Majalaya_v1
2026-09-30 19:00:00,11.88,9.57,12.86,observasi,ML1_Majalaya_v1
2026-09-30 20:00:00,11.9,9.6,13.18,observasi,ML1_Majalaya_v1
2026-09-30 21:00:00,11.92,9.64,13.51,observasi,ML1_Majalaya_v1
2026-09-30 22:00:00,11.94,9.65,13.86,observasi,ML1_Majalaya_v1
2026-09-30 23:00:00,11.96,9.64,14.13,observasi,ML1_Majalaya_v1
2026-10-01 00:00:00,11.96,9.63,14.28,observasi,ML1_Majalaya_v1
2026-10-01 01:00:00,11.97,9.64,14.35,observasi,ML1_Majalaya_v1
2026-10-01 02:00:00,11.96,9.66,14.37,observasi,ML1_Majalaya_v1
2026-10-01 03:00:00,11.96,9.71,14.27,observasi,ML1_Majalaya_v1
2026-10-01 04:00:00,11.96,9.76,14.21,observasi,ML1_Majalaya_v1
2026-10-01 05:00:00,11.96,9.81,14.13,observasi,ML1_Majalaya_v1
2026-10-01 06:00:00,11.94,9.85,14.03,observasi,ML1_Majalaya_v1
2026-10-01 07:00:00,11.91,9.84,13.91,observasi,ML1_Majalaya_v1
2026-10-01 08:00:00,11.9,9.85,13.77,observasi,ML1_Majalaya_v1
2026-10-01 09:00:00,11.93,9.87,13.64,observasi,ML1_Majalaya_v1
2026-10-01 10:00:00,11.97,9.9,13.56,observasi,ML1_Majalaya_v1
